/*
SQLyog Ultimate v12.09 (64 bit)
MySQL - 5.7.14 : Database - db_jabar
*********************************************************************
*/

/*!40101 SET NAMES utf8 */;

/*!40101 SET SQL_MODE=''*/;

/*!40014 SET @OLD_UNIQUE_CHECKS=@@UNIQUE_CHECKS, UNIQUE_CHECKS=0 */;
/*!40014 SET @OLD_FOREIGN_KEY_CHECKS=@@FOREIGN_KEY_CHECKS, FOREIGN_KEY_CHECKS=0 */;
/*!40101 SET @OLD_SQL_MODE=@@SQL_MODE, SQL_MODE='NO_AUTO_VALUE_ON_ZERO' */;
/*!40111 SET @OLD_SQL_NOTES=@@SQL_NOTES, SQL_NOTES=0 */;
CREATE DATABASE /*!32312 IF NOT EXISTS*/`db_jabar` /*!40100 DEFAULT CHARACTER SET latin1 */;

USE `db_jabar`;

/*Table structure for table `t_ajar` */

DROP TABLE IF EXISTS `t_ajar`;

CREATE TABLE `t_ajar` (
  `id_ajar` int(11) NOT NULL AUTO_INCREMENT,
  `id_guru` int(11) NOT NULL,
  `id_mata_pelajaran` int(11) NOT NULL,
  `tingkat` tinyint(1) DEFAULT NULL,
  `id_tahun_pelajaran` int(11) NOT NULL,
  PRIMARY KEY (`id_ajar`)
) ENGINE=InnoDB AUTO_INCREMENT=137 DEFAULT CHARSET=latin1;

/*Data for the table `t_ajar` */

insert  into `t_ajar`(`id_ajar`,`id_guru`,`id_mata_pelajaran`,`tingkat`,`id_tahun_pelajaran`) values (1,1,1,1,1),(2,2,2,1,1),(3,3,3,1,1),(4,4,4,1,1),(5,5,5,1,1),(6,6,6,1,1),(7,7,7,1,1),(8,8,8,1,1),(9,9,9,1,1),(10,10,10,1,1),(11,11,11,1,1),(12,12,12,1,1),(13,13,13,1,1),(14,14,14,1,1),(15,15,15,1,1),(16,16,16,1,1),(17,17,17,1,1),(18,18,18,1,1),(19,19,19,1,1),(20,20,20,1,1),(21,21,21,1,1),(22,22,22,1,1),(23,23,23,1,1),(24,24,24,1,1),(25,25,25,1,1),(26,26,26,1,1),(27,27,27,1,1),(28,28,28,1,1),(29,29,29,1,1),(30,30,30,1,1),(31,31,31,1,1),(32,32,32,1,1),(33,33,33,1,1),(34,34,34,1,1),(35,35,35,1,1),(36,36,36,1,1),(37,37,37,1,1),(38,38,38,1,1),(39,39,39,1,1),(40,40,40,1,1),(41,41,41,1,1),(42,42,42,1,1),(43,43,43,1,1),(44,44,44,1,1),(45,45,45,1,1),(46,46,46,1,1),(47,47,47,1,1),(48,48,48,1,1),(49,49,49,1,1),(50,50,50,1,1),(51,51,51,1,1),(52,52,52,1,1),(53,53,53,1,1),(54,54,54,1,1),(55,55,55,1,1),(56,56,56,1,1),(57,57,57,1,1),(58,58,58,1,1),(59,59,59,1,1),(60,60,60,1,1),(61,61,61,1,1),(62,62,62,1,1),(63,63,63,1,1),(64,1,1,2,2),(65,2,2,2,2),(66,3,3,2,2),(67,4,4,2,2),(68,5,5,2,2),(69,6,6,2,2),(70,7,7,2,2),(71,8,8,2,2),(72,9,9,2,2),(73,10,10,2,2),(74,11,11,2,2),(75,12,12,2,2),(76,13,13,2,2),(77,14,14,2,2),(78,15,15,2,2),(79,16,16,2,2),(80,17,17,2,2),(81,18,18,2,2),(82,19,19,2,2),(83,20,20,2,2),(84,21,21,2,2),(85,22,22,2,2),(86,23,23,2,2),(87,24,24,2,2),(88,25,25,2,2),(89,26,26,2,2),(90,27,27,2,2),(91,28,28,2,2),(92,29,29,2,2),(93,30,30,2,2),(94,31,31,2,2),(95,32,32,2,2),(96,33,33,2,2),(97,34,34,2,2),(98,35,35,2,2),(99,36,36,2,2),(100,37,37,2,2),(101,38,38,2,2),(102,39,39,2,2),(103,40,40,2,2),(104,41,41,2,2),(105,42,42,2,2),(106,43,43,2,2),(107,44,44,2,2),(108,45,45,2,2),(109,46,46,2,2),(110,47,47,2,2),(111,48,48,2,2),(112,49,49,2,2),(113,50,50,2,2),(114,51,51,2,2),(115,52,52,2,2),(116,53,53,2,2),(117,54,54,2,2),(118,55,55,2,2),(119,56,56,2,2),(120,57,57,2,2),(121,58,58,2,2),(122,59,59,2,2),(123,60,60,2,2),(124,61,61,2,2),(125,62,62,2,2),(126,63,63,2,2),(127,1,1,3,2),(128,2,2,3,2),(129,3,3,3,2),(130,4,4,3,2),(131,5,5,3,2),(132,6,6,3,2),(133,7,7,3,2),(134,8,8,3,2),(135,9,9,3,2),(136,10,10,3,2);

/*Table structure for table `t_guru` */

DROP TABLE IF EXISTS `t_guru`;

CREATE TABLE `t_guru` (
  `id_guru` int(11) NOT NULL AUTO_INCREMENT,
  `nip` varchar(50) DEFAULT NULL,
  `nama_lengkap` varchar(100) DEFAULT NULL,
  PRIMARY KEY (`id_guru`)
) ENGINE=InnoDB AUTO_INCREMENT=65 DEFAULT CHARSET=latin1;

/*Data for the table `t_guru` */

insert  into `t_guru`(`id_guru`,`nip`,`nama_lengkap`) values (1,'197801042014082000','FAJAR DEWI NINGSIH, S.Pd'),(2,'197511042014081000','SOLIHING DZULDIN, S.Pd'),(3,'197711272014082000','RENI MARYANI, S.Pd'),(4,'198008122014102000','NENENG W. FITRIYAH, S.Pd'),(5,'197701142014101000','DADAN HERMAWAN, S.Pd, MT'),(6,'195801311986032000','Dra. WIWI PUDJIADIWATI'),(7,'195902181986032000','Dra. Hj. SUSILAWATI'),(8,'197705312014082000','TUTY FARIHALA, S.Pd'),(9,'197411012014081000','DUDIN WAHYUDIN, S.E'),(10,'195607211988032000','Dra. Hj. FAIRAH'),(11,'195501031986032000','Dra. YENI SUSRIYANI'),(12,'196308011988031000','Drs. ENJANG SARIFUDIN'),(13,'195912221985032000','Dra. Hj. DINI WIDANINGSIH'),(14,'195705301986032000','Dra. RUMINI'),(15,'195910021986032000','Dra. Hj. SRI HERYANI'),(16,'195907041986032000','Dra. YAYAT HADIYATI'),(17,'195909151986032000','Dra. Hj. NUNUNG SULASTRI'),(18,'197507022014082000','IMAS RAHAYU, S.Pd, MT'),(19,'196107061988032000','Dra. Hj. LIES FATONAH'),(20,'198408162010011000','Rd. RIDWAN NURMATULOH, S.Pd'),(21,'196208211988031000','Drs. AGUS SUPARMAN'),(22,'19680519199702000','KARTINA SETIAWATI, S.Pd'),(23,'196111091986032000','Dra. Hj. PUTRI ELFIA'),(24,'197910082009022000','NURHASANAH, S.Pd'),(25,'195901011986031000','Drs. NANA KARNAEN'),(26,'196409021989021000','Drs. H. DEDI SUKMAYADI'),(27,'198201072010011000','TAOPIK SIDQI, S.Pd'),(28,'197509092010011000','BAHAR NUGRAHA PRADJA, S.Pd'),(29,'195702091977031000','H. SUKANDAR, A.Md'),(30,'198106062009021000','KUSMORO RUSLI, S.Pd'),(31,'195708271984032000','Dra. Hj. IYUS AGUSTINA, M.M.Pd'),(32,'197303302008011000','AJI WASMADI PAHMI, S.Pd'),(33,'197302082008011000','TEGUH ISWAHYUDI, S.Pd'),(34,'197611202007011000','ALDI WARDIANSYAH,S.Pd'),(35,'197301112008012000','YUYUN YUNIARSIH, S.Pd'),(36,'197809082007011000','YUDI KARTIWA, S.Pd'),(37,'196908092007011000','AGUS SUGIARTO SUMARNO, S.Pd'),(38,'195412031982031000','Drs. BUDI SARTONO'),(39,'196202121991031000','Drs. EMAN SULAEMAN H, M.MPd'),(40,'196402141988031000','DANA BASTAMAN BUDIUTAMA, S.Pd'),(41,'196912201997022000','ENTIN SUPRIATIN, S.Pd'),(42,'196202261988032000','Dra. Hj. LILIS ROCHYANTIMALA'),(43,'196509171988011000','Drs. SRIYANTA'),(44,'19640808199103000','Drs. ASEP MULYANA, M.Ag'),(45,'196509171988031000','MOH. TAUFAN, S.Pd'),(46,'130930508','MULYANA, SST'),(47,'196309121988032000','Hj. LASWATI, S.ST'),(48,'166612151999031000','R. UUNG SYARIF KURNIA, S.Pd. MT'),(49,'196407101989011000','AGUS MUSLIHIN, S.Pd, MT'),(50,'195910101985031000','MAMAN SOMAWIJAYA S.ST'),(51,'196306181991032000','Dra. KUSTINI'),(52,'196601291991122000','ANI MULYANI'),(53,'195903111979031000','SAEPUDIN'),(54,'196506261986022000','Hj. SRI HARYATI'),(55,'198110252010012000','LILIS HAMIDAH, S.Pd'),(56,'196303041987031000','SUWAGIYONO, S.Pd'),(57,'196507151995032000','Dra. RITA YULIATI'),(58,'197501012008012000','SITI MULYATI, S.Pd'),(59,'197003132008011000','NANA SURYANA, S.Pd'),(60,'196007251986032000','Dra. AAT ATIWAH, Kons.'),(61,'196208111988031000','Drs. H. IWA WISWARA SYAMSU, M.M.Pd'),(62,'197608172006042000','INE AGUSTINA, S.T.'),(63,'197409172005012000','ARNE HERLIANY, S.Si,M.Pd.'),(64,'197012252008012000','NENENG IRIANI');

/*Table structure for table `t_jadwal` */

DROP TABLE IF EXISTS `t_jadwal`;

CREATE TABLE `t_jadwal` (
  `id_jadwal` int(11) NOT NULL AUTO_INCREMENT,
  `id_ajar` int(11) NOT NULL,
  `id_kelas` int(11) NOT NULL,
  `hari` varchar(10) NOT NULL,
  PRIMARY KEY (`id_jadwal`)
) ENGINE=InnoDB AUTO_INCREMENT=4 DEFAULT CHARSET=latin1;

/*Data for the table `t_jadwal` */

insert  into `t_jadwal`(`id_jadwal`,`id_ajar`,`id_kelas`,`hari`) values (1,1,1,'Senin'),(2,2,1,'Senin'),(3,3,1,'Senin');

/*Table structure for table `t_kelas` */

DROP TABLE IF EXISTS `t_kelas`;

CREATE TABLE `t_kelas` (
  `id_kelas` int(11) NOT NULL AUTO_INCREMENT,
  `nama_kelas` varchar(100) DEFAULT NULL,
  `tingkat` int(1) DEFAULT NULL,
  `id_tahun_pelajaran` int(11) DEFAULT NULL,
  PRIMARY KEY (`id_kelas`)
) ENGINE=InnoDB AUTO_INCREMENT=69 DEFAULT CHARSET=latin1;

/*Data for the table `t_kelas` */

insert  into `t_kelas`(`id_kelas`,`nama_kelas`,`tingkat`,`id_tahun_pelajaran`) values (1,'X-AVI1',1,1),(2,'X-AVI2',1,1),(3,'X-AVI3',1,1),(4,'X-AVI4',1,1),(5,'X-MM',1,1),(6,'X-RPL1',1,1),(7,'X-RPL2',1,1),(8,'X-RPL3',1,1),(9,'X-TITL1',1,1),(10,'X-TITL2',1,1),(11,'X-TKJ1',1,1),(12,'X-TKJ2',1,1),(13,'X-TOI1',1,1),(14,'X-TOI2',1,1),(15,'X-AVI1',1,2),(16,'X-AVI2',1,2),(17,'X-AVI3',1,2),(18,'X-AVI4',1,2),(19,'X-MM',1,2),(20,'X-RPL1',1,2),(21,'X-RPL2',1,2),(22,'X-RPL3',1,2),(23,'X-TIPTL1',1,2),(24,'X-TIPTL2',1,2),(25,'X-TKJ1',1,2),(26,'X-TKJ2',1,2),(27,'X-TOI1',1,2),(28,'X-TOI2',1,2),(29,'XI-AVI1',2,2),(30,'XI-AVI1',2,2),(31,'XI-AVI2',2,2),(32,'XI-AVI2',2,2),(33,'XI-AVI3',2,2),(34,'XI-AVI3',2,2),(35,'XI-AVI4',2,2),(36,'XI-MM',2,2),(37,'XI-MM',2,2),(38,'XI-RPL1',2,2),(39,'XI-RPL1',2,2),(40,'XI-RPL2',2,2),(41,'XI-RPL2',2,2),(42,'XI-RPL3',2,2),(43,'XI-RPL3',2,2),(44,'XI-TIPTL1',2,2),(45,'XI-TIPTL1',2,2),(46,'XI-TIPTL2',2,2),(47,'XI-TIPTL2',2,2),(48,'XI-TKJ1',2,2),(49,'XI-TKJ1',2,2),(50,'XI-TKJ2',2,2),(51,'XI-TKJ2',2,2),(52,'XI-TOI1',2,2),(53,'XI-TOI1',2,2),(54,'XI-TOI2',2,2),(55,'XI-TOI2',2,2),(56,'XII-AVI1',3,2),(57,'XII-AVI2',3,2),(58,'XII-AVI3',3,2),(59,'XII-MM',3,2),(60,'XII-RPL1',3,2),(61,'XII-RPL2',3,2),(62,'XII-RPL3',3,2),(63,'XII-TIPTL1',3,2),(64,'XII-TIPTL2',3,2),(65,'XII-TKJ1',3,2),(66,'XII-TKJ2',3,2),(67,'XII-TOI1',3,2),(68,'XII-TOI2',3,2);

/*Table structure for table `t_mata_pelajaran` */

DROP TABLE IF EXISTS `t_mata_pelajaran`;

CREATE TABLE `t_mata_pelajaran` (
  `id_mata_pelajaran` int(11) NOT NULL AUTO_INCREMENT,
  `nama_mata_pelajaran` varchar(100) DEFAULT NULL,
  PRIMARY KEY (`id_mata_pelajaran`)
) ENGINE=InnoDB AUTO_INCREMENT=64 DEFAULT CHARSET=latin1;

/*Data for the table `t_mata_pelajaran` */

insert  into `t_mata_pelajaran`(`id_mata_pelajaran`,`nama_mata_pelajaran`) values (1,'BAHASA INDONESIA'),(2,'BAHASA INGGRIS'),(3,'MATEMATIKA'),(4,'PEND. PANCASILA & KEWARGANEGARAAN'),(5,'PENDIDIKAN AGAMA DAN BUDI PEKERTI'),(6,'SEJARAH INDONESIA'),(7,'PEND. JASMANI, OLAHRAGA & KESEHATAN'),(8,'PRAKARYA DAN KEWIRAUSAHAAN'),(9,'SENI BUDAYA'),(10,'FISIKA'),(11,'GAMBAR TEKNIK'),(12,'KIMIA'),(13,'PEMROGRAMAN DASAR'),(14,'SISTEM KOMPUTER'),(15,'DASAR DAN PENGUKURAN LISTRIK'),(16,'JARINGAN DASAR'),(17,'PEKERJAAN DASAR ELEKTRO MEKANIK'),(18,'PEMROGRAMAN WEB'),(19,'PERAKITAN KOMPUTER'),(20,'SIMULASI DIGITAL'),(21,'SISTEM OPERASI'),(22,'TEKNIK ELEKTRONIKA DASAR'),(23,'TEKNIK KERJA BENGKEL'),(24,'TEKNIK LISTRIK'),(25,'TEKNIK MICROPROSESSOR '),(26,'TEKNIK PEMROGRAMAN'),(27,'BAHASA SUNDA'),(28,'PENDIDIKAN LINGKUNGAN HIDUP'),(29,'BIMBINGAN KONSELING'),(30,'PRAMUKA'),(31,'PENERAPAN RANGKAIAN ELEKTRONIKA'),(32,'PEREKAYASAAN SISTEM AUDIO'),(33,'PEREKAYASAAN SISTEM RADIO DAN TELEVISI'),(34,'PEREKAYASAAN SISTEM ANTENA'),(35,'INSTALASI PENERANGAN LISTRIK'),(36,'PEREKAYASAAN SISTEM ANTENA'),(37,'INSTALASI TENAGA LISTRIK'),(38,'INSTALASI MOTOR LISTRIK'),(39,'PIRANTI SENSOR DAN AKUATOR'),(40,'SISTEM KONTROL ELEKTROMEKANIK DAN ELEKTRONIK'),(41,'SISTEM KONTROL ELEKTROPNEUMATIK'),(42,'SISTEM KONTROL TERPROGRAM'),(43,'KOMPUTER TERAPAN'),(44,'KOMUNIKASI DATA'),(45,'SISTEM OPERASI JARINGAN'),(46,'ADMINISTRASI SERVER'),(47,'RANCANG BANGUN JARINGAN'),(48,'PEMODELAN PERANGKAT LUNAK'),(49,'PEMROGRAMAN DESKTOP'),(50,'PEMROGRAMAN BERORIENTASI OBJEK'),(51,'BASIS DATA'),(52,'PEMROGRAMAN WEB DINAMIS'),(53,'DESAIN MULTIMEDIA'),(54,'TEKHNIK ANIMASI 2 DIMENSI'),(55,'TEKNIK ANIMASI 3 DIMENSI'),(56,'PENGOLAHAN CITRA DIGITAL'),(57,'KOMPOSISI FOTO DIGITAL'),(58,'KOMUNIKASI DATA'),(59,'SISTEM OPERASI JARINGAN'),(60,'TEKNIK ANIMASI 2 DIMENSI'),(61,'TEKNIK ANIMASI 3 DIMENSI'),(62,'RANCANG BANGUN JARINGAN'),(63,'PEMROGRAMAN DESKTOP');

/*Table structure for table `t_tahun_pelajaran` */

DROP TABLE IF EXISTS `t_tahun_pelajaran`;

CREATE TABLE `t_tahun_pelajaran` (
  `id_tahun_pelajaran` int(11) NOT NULL AUTO_INCREMENT,
  `nama_tahun_pelajaran` varchar(9) DEFAULT NULL,
  `status` tinyint(1) DEFAULT NULL,
  PRIMARY KEY (`id_tahun_pelajaran`)
) ENGINE=InnoDB AUTO_INCREMENT=3 DEFAULT CHARSET=latin1;

/*Data for the table `t_tahun_pelajaran` */

insert  into `t_tahun_pelajaran`(`id_tahun_pelajaran`,`nama_tahun_pelajaran`,`status`) values (1,'2016/2017',0),(2,'2017/2018',1);

/*!40101 SET SQL_MODE=@OLD_SQL_MODE */;
/*!40014 SET FOREIGN_KEY_CHECKS=@OLD_FOREIGN_KEY_CHECKS */;
/*!40014 SET UNIQUE_CHECKS=@OLD_UNIQUE_CHECKS */;
/*!40111 SET SQL_NOTES=@OLD_SQL_NOTES */;
